<?xml version="1.0" encoding="UTF-8" standalone="yes"?>
<addon id="plugin.video.playloucos" version="0.1.6" name="PlayLoucos" provider-name="Team KodiloucosBR">
    <requires>
        <import addon="script.module.simplejson" />
        <import addon="script.module.six" />
        <import addon="script.module.kodi-six" />
		<import addon="script.module.beautifulsoup4"/>
        <import addon="script.module.requests"/>
        <import addon="script.module.inputstreamhelper"/>
    </requires>
    <extension point="xbmc.python.pluginsource" library="default.py">
        <provides>video</provides>
    </extension>
    <extension point="xbmc.addon.metadata">
        <summary lang="en">This addon does not sell or provide or store any illegal content</summary>
		<summary lang="pt">Este addon não vende nem fornece ou armazena qualquer conteúdo ilegal</summary>
        <description lang="en">Streaming videos through providers available on the internet</description>
		<description lang="pt">Streaming de videos atraves de provedores disponiveis na internet</description>
        <platform>all</platform>
        <license>GNU GENERAL PUBLIC LICENSE. Version 3, 29 June 2007</license>
        <disclaimer>O autor deste complemento não hospeda nenhum conteúdo encontrado e não tem afiliação com nenhum dos provedores de conteúdo. Este complemento simplesmente pesquisa conteúdo em sites. Use por sua conta e risco!</disclaimer>
        <assets>
            <icon>icon.png</icon>
            <fanart>fanart.jpg</fanart>
        </assets>
    </extension>
</addon>
