<?xml version="1.0" encoding="UTF-8" standalone="yes"?>
  <addon 
  id="repository.kodiloucosbr" 
  name="Repositório KodiloucoSBR OFICIAL" 
  version="1.0.1" 
  provider-name="KodiloucosBR">
  <requires>
    <import addon="xbmc.addon" version="12.0.0"/>
         
  </requires>
  
  
  <extension point="xbmc.addon.repository" name="KodiloucosBR Repositório">
    
      <dir>
			<info compressed="false">https://raw.github.com/Kodiloucosbr/kodiloucosbr/master/addons.xml</info>
			<checksum>https://raw.github.com/Kodiloucosbr/kodiloucosbr/master/addons.xml.md5</checksum>
			<datadir zip="true">https://raw.github.com/magusplay/kodiloucosbr/master</datadir>
			<hashes>false</hashes>
    </dir>
	
	<dir minversion="16.0.0" maxversion="18.9.0">
			<info compressed="false">https://raw.github.com/Kodiloucosbr/kodiloucosbr/master/leia/addons.xml</info>
			<checksum>https://raw.github.com/magusplay/kodiloucosbr/master/leia/addons.xml.md5</checksum>
			<datadir zip="true">https://raw.github.com/Kodiloucosbr/kodiloucosbr/master/leia</datadir>
			<hashes>false</hashes>
    </dir>
   
   <dir minversion="18.9.1">
			<info compressed="false">https://raw.github.com/magusplay/kodiloucosbr/master/matrix/addons.xml</info>
			<checksum>https://raw.github.com/magusplay/Kodiloucosbr/kodiloucosbr/matrix/addons.xml.md5</checksum>
			<datadir zip="true">https://raw.github.com/Kodiloucosbr/kodiloucosbr/master/matrix</datadir>
			<hashes>false</hashes>
    </dir>
	  
	</extension>
  
  <extension point="xbmc.addon.metadata">
    <summary>Repositório KodiloucosBR</summary>
    <description>Repositorio oficial Addon KodiloucosBR - Proibido reprodução sem previa autorizacao</description>
    <disclaimer></disclaimer>
    <platform>all</platform>
    <assets>
      <icon>icon.png</icon>
      <fanart>fanart.jpg</fanart>
    </assets>
  </extension>
</addon>
