<window type="dialog" id="9999">

    <!-- 🔑 FIX CRÍTICO: viewport correto para WindowXMLDialog 720p -->
    <coordinates>
        <system>1</system>
        <left>0</left>
        <top>0</top>
        <width>1280</width>
        <height>720</height>
    </coordinates>

    <defaultcontrol always="true">200</defaultcontrol>

    <!-- ❌ REMOVIDO slide (causa clipping em dialog) -->
    <animation effect="fade" start="0" end="100" time="300">WindowOpen</animation>
    <animation effect="fade" start="100" end="0" time="200">WindowClose</animation>

    <controls>

        <!-- Fanart -->
        <control type="image" id="1">
            <left>0</left>
            <top>0</top>
            <width>1280</width>
            <height>720</height>
            <texture></texture>
            <aspectratio>scale</aspectratio>
            <colordiffuse>DDFFFFFF</colordiffuse>
            <fadetime>400</fadetime>
        </control>

        <!-- Overlay escuro -->
        <control type="image">
            <left>0</left>
            <top>0</top>
            <width>1280</width>
            <height>720</height>
            <texture>black.png</texture>
            <colordiffuse>AA000000</colordiffuse>
        </control>

        <!-- Poster -->
        <control type="image" id="100">
            <left>80</left>
            <top>120</top>
            <width>350</width>
            <height>520</height>
            <texture fallback="DefaultVideo.png"></texture>
            <aspectratio>keep</aspectratio>
            <bordersize>5</bordersize>
            <fadetime>300</fadetime>
        </control>

        <!-- Título -->
        <control type="label" id="2000">
            <left>460</left>
            <top>120</top>
            <width>740</width>
            <height>60</height>
            <font>font36_title</font>
            <textcolor>FFFFFFFF</textcolor>
            <shadowcolor>FF000000</shadowcolor>
            <wrapmultiline>false</wrapmultiline>
        </control>

        <!-- ✅ SINOPSE — textbox correto para setText() -->
        <control type="textbox" id="3000">
            <left>460</left>
            <top>200</top>
            <width>740</width>
            <height>330</height>
            <font>font14</font>
            <textcolor>FFFFFFFF</textcolor>

            <scroll>true</scroll>
            <autoscroll>false</autoscroll>
            <pagecontrol>60</pagecontrol>
        </control>

        <!-- 🔑 Scrollbar ATIVO (alpha 0) — sem isso o textbox corta -->
        <control type="scrollbar" id="60">
            <left>1210</left>
            <top>200</top>
            <width>8</width>
            <height>330</height>
            <orientation>vertical</orientation>
            <visible>true</visible>
            <alpha>0</alpha>
        </control>

        <!-- Botão Assistir -->
        <control type="button" id="200">
            <left>460</left>
            <top>560</top>
            <width>360</width>
            <height>110</height>

            <label>Assistir</label>
            <font>font24</font>

            <!-- Texto sempre branco -->
            <textcolor>FFFFFFFF</textcolor>
            <focusedcolor>FFFFFFFF</focusedcolor>

            <align>center</align>
            <aligny>center</aligny>

            <!-- 🔑 PNG 256x64 → border ideal -->
            <texturefocus border="8">button_focus.png</texturefocus>
            <texturenofocus border="8">button_nofocus.png</texturenofocus>

            <colordiffuse>FF2E7D32</colordiffuse>

            <onright>201</onright>
            <onup>3000</onup>
        </control>


        <!-- Botão Voltar -->
        <control type="button" id="201">
            <left>840</left>
            <top>560</top>
            <width>360</width>
            <height>110</height>

            <label>Voltar</label>
            <font>font24</font>

            <!-- Texto sempre branco -->
            <textcolor>FFFFFFFF</textcolor>
            <focusedcolor>FFFFFFFF</focusedcolor>

            <align>center</align>
            <aligny>center</aligny>

            <!-- Mesmo relevo do Assistir -->
            <texturefocus border="8">button_focus.png</texturefocus>
            <texturenofocus border="8">button_nofocus.png</texturenofocus>

            <colordiffuse>FFD32F2F</colordiffuse>

            <onleft>200</onleft>
            <onup>3000</onup>
        </control>


    </controls>
</window>
