<?xml version="1.0" encoding="UTF-8" standalone="yes"?>
<addon id="plugin.video.flixloucosclub" name="[COLOR yellow]Flix [COLOR lime]Loucos[COLOR yellow] Club[/COLOR]" version="0.1.3" provider-name="KodiloucosBR e Team Magusplay">
  <extension point="xbmc.python.pluginsource" library="default.py">
		<provides>video</provides>
  </extension>
  <extension point="xbmc.addon.metadata">
	<summary lang="pt">Este addon não vende nem fornece ou armazena qualquer conteúdo ilegal, projeto da familia KodiloucosBR</summary>
	<language>pt</language>
	<description lang="pt">Addon compátivel com o  kodi 19+</description>
	<platform>all</platform>
	<assets>
		<icon>icon.png</icon>
		<fanart>fanart.jpg</fanart>
	</assets>
  </extension>
</addon>
