<?xml version="1.0" encoding="UTF-8" standalone="yes"?>
  <addon 
  id="repository.kodiloucosbr" 
  name="[COLOR gold]Repositório KodiloucosBR [COLOR green]OFICIAL[/COLOR]" 
  version="1.0.4" 
  provider-name="Team KodiloucosBR">
  <requires>
    <import addon="xbmc.addon" version="12.0.0"/>  
  </requires>
  <extension point="xbmc.addon.repository" name="[COLOR white]KodiloucosBR [COLOR gold]Repositorio[/COLOR]">
      <dir>
      <info compressed="true">https://raw.githubusercontent.com/Kodiloucosbr/kodiloucosbr.github.io/master/addons.xml</info>
      <checksum>https://raw.githubusercontent.com/Kodiloucosbr/kodiloucosbr.github.io/master/addons.xml.md5</checksum>
      <datadir zip="true">https://raw.githubusercontent.com/Kodiloucosbr/kodiloucosbr.github.io/master/</datadir>
      <hashes>false</hashes>
  </dir>  
  <dir minversion="19.0.0">
      <info compressed="true">https://raw.githubusercontent.com/Kodiloucosbr/kodiloucosbr.github.io/master/matrix/addons.xml</info>
      <checksum>https://raw.githubusercontent.com/Kodiloucosbr/kodiloucosbr.github.io/matrix/addons.xml.md5</checksum>
      <datadir zip="true">https://raw.githubusercontent.com/Kodiloucosbr/kodiloucosbr.github.io/master/matrix</datadir>
      <hashes>false</hashes>
  </dir>    
  <dir minversion="17.0.0" maxversion="18.9.0">
      <info compressed="true">https://raw.githubusercontent.com/Kodiloucosbr/kodiloucosbr.github.io/master/leia/addons.xml</info>
      <checksum>https://raw.githubusercontent.com/Kodiloucosbr/kodiloucosbr.github.io/master/leia/addons.xml.md5</checksum>
      <datadir zip="true">https://raw.githubusercontent.com/Kodiloucosbr/kodiloucosbr.github.io/master/leia</datadir>
      <hashes>false</hashes>
  </dir>
  </extension>
  <extension point="xbmc.addon.metadata">
    <summary>Repositorio KodiloucosBR Oficial</summary>
    <description>Repositorio oficial Addon KodiloucosBR - Proibido reprodução sem previa autorizacao</description>
    <disclaimer></disclaimer>
    <platform>all</platform>
    <assets>
      <icon>icon.png</icon>
      <fanart>fanart.jpg</fanart>
    </assets>
  </extension>
</addon>