<?xml version="1.0" encoding="UTF-8" standalone="yes"?>
<addon id="plugin.video.guepardo" name="Guepardo" version="0.1.3" provider-name="Team KodiloucosBR">
	<requires>
		<import addon="script.module.requests" version="2.27.1"/>
	</requires>
  <extension point="xbmc.python.pluginsource"
			library="default.py">
		<provides>video</provides>
  </extension>
  <extension point="xbmc.addon.metadata">
	<summary lang="br">Este addon não vende nem fornece ou armazena qualquer conteúdo ilegal</summary>
	<language>br</language>
	<description lang="br">Sua nova forma de assitir TV. 2026</description>
	<platform>all</platform>
	<assets>
		<icon>icon.png</icon>
		<fanart>fanart.jpg</fanart>
	</assets>
  </extension>
</addon>
