<?xml version="1.0" encoding="UTF-8" standalone="yes"?>
<addon id="program.optiklean" name="OptiKlean" provider-name="DigiTalking" version="1.1.0">
    <requires>
        <import addon="xbmc.python" version="3.0.0"/>
    </requires>
    <extension point="xbmc.python.pluginsource" library="default.py">
        <provides>executable</provides>
    </extension>
	<extension point="xbmc.service" library="service.py" />
    <extension point="xbmc.addon.metadata">
        <platform>all</platform>
        <license>MIT</license>
        <source>https://gitlab.com/personal4143605/optiklean</source>
        <summary lang="en_US">Clean and optimize Kodi utility.</summary>
        <summary lang="it_IT">Utilità di pulizia e ottimizzazione Kodi.</summary>
        <description lang="en_US">Advanced tool to perform various types of Kodi cleaning and optimization.</description>
        <description lang="it_IT">Strumento avanzato che permette di eseguire vari tipi di pulizie e ottimizzazione Kodi.</description>
        <assets>
            <icon>resources/media/icon.jpg</icon>
            <fanart>resources/media/fanart.jpg</fanart>
        </assets>
    </extension>
</addon>